<?xml version="1.0" encoding="UTF-8" standalone="yes"?>
<addon id="plugin.video.persianVideos" name="Persian Videos" version="1.0.3" provider-name="Me">
  <requires>
    <import addon="xbmc.python" version="3.0.0"/>
    <import addon="script.module.requests" />
	<import addon="script.module.beautifulsoup4" version="4.3.1"/> 
	<import addon="plugin.video.youtube" />
  </requires>
  <extension point="xbmc.python.pluginsource" library="addon.py">
    <provides>video</provides>
  </extension>
  <extension point="xbmc.addon.metadata">
    <summary lang="en_GB">Stream Persian Contents</summary>
    <description lang="en_GB">Watch Persian Movies and Series from diffrent sources</description>
    <disclaimer lang="en_GB"></disclaimer>
    <language>en</language> <!-- the language of the videos or other content the plugin provides, may be omitted in case the addon does not provide any content -->
    <platform>all</platform>
    <license>GPL-2.0-or-later</license>
    
    <website>http://myplugin.com</website> <!-- the url of the website that contains the videos (or the official website of your plugin). May be omitted.  -->
    <email>you@youremail.com</email> <!-- may be omitted  -->
    <source>http://github.com/you/plugin.addon.id</source>
    <news>added farsiland
    </news>
    <assets>
        <icon>resources/icon.png</icon>
        <fanart>resources/fanart.jpg</fanart>
        <banner></banner> <!-- optional -->
        <clearlogo>resources/clearlogo.png</clearlogo> <!-- optional  -->
        <screenshot></screenshot> <!-- optional, max 10  -->
    </assets>
  </extension>
</addon>